experiment_id,title,run_utc,label,n_features,cv_roc_auc_mean,cv_roc_auc_sd,cv_pr_auc_mean,cv_pr_auc_sd,cv_brier_mean,cv_brier_sd,cv_n_fits,model,interpretability,interp_cost,accuracy_at_0.5,recall_at_0.5,n_params,n_trees,best_iteration_mean,oof_threshold,oof_recall,oof_precision,oof_f1,oof_cost_r6,spw,sampler,note,description,features,n_engineered,k_months,months,fraction,n_train_rows_mean,train_roc_auc_mean,train_roc_auc_sd,gap_train_minus_val,arm,method,ece,mean_predicted,r,scheme,tau_empirical,elkan_p_star,tau_minus_p_star,min_cost,cost_at_elkan,cost_at_0.5,saving_vs_0.5,recall,precision,tp,fp,fn,tn,rank,mean_abs_shap,mean_shap,mean_abs_shap_path_dependent,share_of_total,group,shap_rank,rank_sd_across_seeds,imp_gain,imp_cover,imp_weight,imp_total_gain,imp_permutation,rank_shap,rank_gain,rank_cover,rank_weight,rank_total_gain,rank_permutation,attribute,threshold,n_groups,recall_gap,fpr_gap,selection_rate_ratio,roc_auc_gap,observed_rate_gap_pp,test_roc_auc,test_pr_auc,test_brier,test_threshold,test_recall,test_precision,test_f1,test_tp,test_fp,test_fn,test_tn,test_total_cost_r6,frozen_threshold_source,tau_flat,tau_instance_cost,test_cost_instance_r6,test_cost_at_0.5,oof_roc_auc
exp01_ladder,Complexity ladder: capability against interpretability,2026-09-30T09:15:03Z,rung0_majority,23,0.5,0.0,0.2211646837820914,0.00010436234606554795,0.2211646837820914,0.00010436234606554795,25,Majority class,total (1 constant),1,0.7788353162179086,0.0,0,,,,,,,,,,,,,,,,,,,,,,,,,,,,,,,,,,,,,,,,,,,,,,,,,,,,,,,,,,,,,,,,,,,,,,,,,,,,,,,,,,,,
exp01_ladder,Complexity ladder: capability against interpretability,2026-09-30T09:15:03Z,rung1_pay0_rule,1,0.6441163422939559,0.007500330358570032,0.3774433197467961,0.010736636596254309,0.14598130611184357,0.0021063022487115657,25,"PAY_0 only, depth-1 tree",single rule,1,0.8197453558756,0.32918082295205736,0,,,,,,,,,,,,,,,,,,,,,,,,,,,,,,,,,,,,,,,,,,,,,,,,,,,,,,,,,,,,,,,,,,,,,,,,,,,,,,,,,,,,
exp01_ladder,Complexity ladder: capability against interpretability,2026-09-30T09:15:03Z,rung1b_pay0_score,1,0.6909579241957802,0.008344809607724086,0.43938676314111347,0.011373253406578783,,,25,PAY_0 as an ordinal score (no model fitted),rank on one column,1,,,0,,,,,,,,,,,,,,,,,,,,,,,,,,,,,,,,,,,,,,,,,,,,,,,,,,,,,,,,,,,,,,,,,,,,,,,,,,,,,,,,,,,,
exp01_ladder,Complexity ladder: capability against interpretability,2026-09-30T09:15:03Z,rung2_logistic,23,0.7247649232574404,0.008632932973005679,0.5034368147205243,0.013081320280721202,0.14477113608568346,0.0015848659482802312,25,Logistic regression (defaults),23 coefficients + intercept,24,0.8094343560843248,0.23744809362023406,0,,,,,,,,,,,,,,,,,,,,,,,,,,,,,,,,,,,,,,,,,,,,,,,,,,,,,,,,,,,,,,,,,,,,,,,,,,,,,,,,,,,,
exp01_ladder,Complexity ladder: capability against interpretability,2026-09-30T09:15:03Z,rung3_tree,23,0.7541555557103284,0.010328318159981751,0.5061840065552289,0.01369496189471485,0.13828344128139286,0.0024606195686394023,25,Decision tree (depth-tuned),rule set,109,0.8194948862450427,0.3522083805209513,0,,,,,,,,,,,,,,,,,,,,,,,,,,,,,,,,,,,,,,,,,,,,,,,,,,,,,,,,,,,,,,,,,,,,,,,,,,,,,,,,,,,,
exp01_ladder,Complexity ladder: capability against interpretability,2026-09-30T09:15:03Z,rung4_forest,23,0.7641076571488855,0.009565034923320085,0.5373790755411259,0.014841853404007265,0.13838773867668544,0.002615688448924551,25,Random forest (defaults),not directly available - see SHAP,692674,0.8182842830306826,0.3769346923367308,0,,,,,,,,,,,,,,,,,,,,,,,,,,,,,,,,,,,,,,,,,,,,,,,,,,,,,,,,,,,,,,,,,,,,,,,,,,,,,,,,,,,,
exp01_ladder,Complexity ladder: capability against interpretability,2026-09-30T09:15:03Z,rung5_xgb_default,23,0.7618968059309147,0.007952445324816216,0.529260213502097,0.011308077944549938,0.1414695507287979,0.002573476736049442,25,XGBoost (library defaults),not directly available - see SHAP,100,0.8185347526612399,0.37013967534918835,0,,,,,,,,,,,,,,,,,,,,,,,,,,,,,,,,,,,,,,,,,,,,,,,,,,,,,,,,,,,,,,,,,,,,,,,,,,,,,,,,,,,,
exp01_ladder,Complexity ladder: capability against interpretability,2026-09-30T09:15:03Z,rung6_xgb_tuned,23,0.7845418198217665,0.00711929880687044,0.5602203741928651,0.014612254574967478,0.1347932654619217,0.004135158657298805,25,XGBoost (tuned),not directly available - see SHAP,499,0.819536631183469,0.3380520951302378,8,,,,,,,,,,,,,,,,,,,,,,,,,,,,,,,,,,,,,,,,,,,,,,,,,,,,,,,,,,,,,,,,,,,,,,,,,,,,,,,,,,,,
exp02_tuning,Hyperparameter search (Optuna TPE),2026-09-30T08:58:21Z,tuned,23,0.7845418198217665,0.00711929880687044,0.5602203741928651,0.014612254574967478,0.1347932654619217,0.004135158657298805,25,,,,,,8,449,400.4,,,,,,,,,,,,,,,,,,,,,,,,,,,,,,,,,,,,,,,,,,,,,,,,,,,,,,,,,,,,,,,,,,,,,,,,,,,,,,,,,,
exp02_tuning,Hyperparameter search (Optuna TPE),2026-09-30T08:58:21Z,library_defaults,23,0.7618968059309147,0.007952445324816216,0.529260213502097,0.011308077944549938,0.1414695507287979,0.002573476736049442,25,,,,,,0,100,,,,,,,,,,,,,,,,,,,,,,,,,,,,,,,,,,,,,,,,,,,,,,,,,,,,,,,,,,,,,,,,,,,,,,,,,,,,,,,,,,,
exp03_imbalance,Class-imbalance strategy comparison,2026-09-30T09:47:34Z,A_baseline,23,0.7845418198217665,0.00711929880687044,0.5602203741928651,0.014612254574967478,0.1347932654619217,0.004135158657298805,25,,,,,,8,,,0.5,0.35730464326160816,0.6775232641374374,0.467869500741473,21331.0,1.0,,,,,,,,,,,,,,,,,,,,,,,,,,,,,,,,,,,,,,,,,,,,,,,,,,,,,,,,,,,,,,,,,,,,,,,,,,,,
exp03_imbalance,Class-imbalance strategy comparison,2026-09-30T09:47:34Z,B_threshold,23,0.7845418198217665,0.00711929880687044,0.5602203741928651,0.014612254574967478,0.1347932654619217,0.004135158657298805,25,,,,,,8,,,0.1340732,0.828803322008305,0.33295420078859567,0.47506220923942444,14239.0,1.0,,"identical fitted model to A_baseline; only the decision threshold differs, so CV ranking and calibration metrics are the same by construction",,,,,,,,,,,,,,,,,,,,,,,,,,,,,,,,,,,,,,,,,,,,,,,,,,,,,,,,,,,,,,,,,,,,,,,,,,
exp03_imbalance,Class-imbalance strategy comparison,2026-09-30T09:47:34Z,C_spw,23,0.7848490893422236,0.007398827796930321,0.5581029869831131,0.01539503159939408,0.18008804857730865,0.005689537395735027,25,,,,,,8,,,0.5,0.6342015855039638,0.46907720228954347,0.5392825615921675,15431.0,3.5215175537938843,,,,,,,,,,,,,,,,,,,,,,,,,,,,,,,,,,,,,,,,,,,,,,,,,,,,,,,,,,,,,,,,,,,,,,,,,,,,
exp03_imbalance,Class-imbalance strategy comparison,2026-09-30T09:47:34Z,C_spw_threshold,23,0.7848490893422236,0.007398827796930321,0.5581029869831131,0.01539503159939408,0.18008804857730865,0.005689537395735027,25,,,,,,8,,,0.3580284,0.8189882974707436,0.338984375,0.4795004972925186,14215.0,3.5215175537938843,,,,,,,,,,,,,,,,,,,,,,,,,,,,,,,,,,,,,,,,,,,,,,,,,,,,,,,,,,,,,,,,,,,,,,,,,,,,
exp03_imbalance,Class-imbalance strategy comparison,2026-09-30T09:47:34Z,D_smote,23,0.7681102191733854,0.008786749612229023,0.5217563056972573,0.01713317407209646,0.22004346132278443,0.01565300690522079,25,,,,,,8,,,0.4720056,0.8110607776519442,0.3244733066525712,0.4635132948600399,14952.0,1.0,SMOTE,,,,,,,,,,,,,,,,,,,,,,,,,,,,,,,,,,,,,,,,,,,,,,,,,,,,,,,,,,,,,,,,,,,,,,,,,,,
exp04_encoding,Encoding ablation for repayment-status columns,2026-09-30T09:03:53Z,native_int,23,0.7845418198217665,0.00711929880687044,0.5602203741928651,0.014612254574967478,0.1347932654619217,0.004135158657298805,25,,,,,,8,,,,,,,,,,,"PAY_n as signed integers, as loaded",,,,,,,,,,,,,,,,,,,,,,,,,,,,,,,,,,,,,,,,,,,,,,,,,,,,,,,,,,,,,,,,,,,,,,,,,
exp04_encoding,Encoding ablation for repayment-status columns,2026-09-30T09:03:53Z,one_hot,79,0.7836678678564059,0.008854020768422347,0.5532189975218248,0.018155608873829682,0.13634597301483153,0.007577145489644419,25,,,,,,8,,,,,,,,,,,PAY_n expanded to 62 dummies,,,,,,,,,,,,,,,,,,,,,,,,,,,,,,,,,,,,,,,,,,,,,,,,,,,,,,,,,,,,,,,,,,,,,,,,,
exp04_encoding,Encoding ablation for repayment-status columns,2026-09-30T09:03:53Z,native_categorical,23,0.7854156748050137,0.007486334744173537,0.5611494629986418,0.014450210647949597,0.13379622519016265,0.0022768325153672596,25,,,,,,8,,,,,,,,,,,"PAY_n as pandas category dtype, enable_categorical=True",,,,,,,,,,,,,,,,,,,,,,,,,,,,,,,,,,,,,,,,,,,,,,,,,,,,,,,,,,,,,,,,,,,,,,,,,
exp04_encoding,Encoding ablation for repayment-status columns,2026-09-30T09:03:53Z,signed_log_monetary,23,0.7845418198217665,0.00711929880687044,0.5602203741928651,0.014612254574967478,0.1347932654619217,0.004135158657298805,25,,,,,,8,,,,,,,,,,,"sign(x)*log1p(|x|) on LIMIT_BAL, BILL_AMT and PAY_AMT",,,,,,,,,,,,,,,,,,,,,,,,,,,,,,,,,,,,,,,,,,,,,,,,,,,,,,,,,,,,,,,,,,,,,,,,,
exp05_engineered,Engineered-feature benchmark,2026-09-30T09:06:41Z,raw_23,23,0.7845418198217665,0.00711929880687044,0.5602203741928651,0.014612254574967478,0.1347932654619217,0.004135158657298805,25,,,,,,8,,,,,,,,,,,,[23 items],0,,,,,,,,,,,,,,,,,,,,,,,,,,,,,,,,,,,,,,,,,,,,,,,,,,,,,,,,,,,,,,,,,,,,,,,
exp05_engineered,Engineered-feature benchmark,2026-09-30T09:06:41Z,raw_plus_engineered,40,0.7879953611332493,0.007288810126091252,0.5624252868831623,0.015369495668426037,0.1361796712875366,0.007757760671836511,25,,,,,,8,,,,,,,,,,,,[40 items],17,,,,,,,,,,,,,,,,,,,,,,,,,,,,,,,,,,,,,,,,,,,,,,,,,,,,,,,,,,,,,,,,,,,,,,,
exp05_engineered,Engineered-feature benchmark,2026-09-30T09:06:41Z,engineered_only,17,0.7786252167617372,0.00746944717352983,0.541638227675814,0.014626849694032645,0.1374235439300537,0.006478497296064907,25,,,,,,8,,,,,,,,,,,,[17 items],17,,,,,,,,,,,,,,,,,,,,,,,,,,,,,,,,,,,,,,,,,,,,,,,,,,,,,,,,,,,,,,,,,,,,,,,
exp05_engineered,Engineered-feature benchmark,2026-09-30T09:06:41Z,rfe_top23,23,0.7869227860787636,0.0072615022890145054,0.5600074787987703,0.013010998281820592,0.13755561113357545,0.00972273888146461,25,,,,,,8,,,,,,,,,,,,[23 items],8,,,,,,,,,,,,,,,,,,,,,,,,,,,,,,,,,,,,,,,,,,,,,,,,,,,,,,,,,,,,,,,,,,,,,,,
exp06_groups,Feature-group ablation,2026-09-30T09:11:42Z,all_groups,23,0.7845418198217665,0.00711929880687044,0.5602203741928651,0.014612254574967478,0.1347932654619217,0.004135158657298805,25,,,,,,8,,,,,,,,,,,all five groups,[23 items],,,,,,,,,,,,,,,,,,,,,,,,,,,,,,,,,,,,,,,,,,,,,,,,,,,,,,,,,,,,,,,,,,,,,,,,
exp06_groups,Feature-group ablation,2026-09-30T09:11:42Z,drop_demographic,19,0.7832242167822785,0.007483833664978256,0.5574357219259715,0.013983436974018637,0.13654660403728486,0.008148369046263329,25,,,,,,8,,,,,,,,,,,leave-one-out: demographic removed,[19 items],,,,,,,,,,,,,,,,,,,,,,,,,,,,,,,,,,,,,,,,,,,,,,,,,,,,,,,,,,,,,,,,,,,,,,,,
exp06_groups,Feature-group ablation,2026-09-30T09:11:42Z,drop_limit,22,0.7769468566381136,0.007896624955624413,0.5537197794986719,0.014718065302854974,0.13842244923114777,0.009522170948302836,25,,,,,,8,,,,,,,,,,,leave-one-out: limit removed,[22 items],,,,,,,,,,,,,,,,,,,,,,,,,,,,,,,,,,,,,,,,,,,,,,,,,,,,,,,,,,,,,,,,,,,,,,,,
exp06_groups,Feature-group ablation,2026-09-30T09:11:42Z,drop_pay_status,17,0.7373514330442887,0.007481011770586399,0.4586098072509613,0.013892348366323724,0.1497023594379425,0.004022497395484316,25,,,,,,8,,,,,,,,,,,leave-one-out: pay_status removed,[17 items],,,,,,,,,,,,,,,,,,,,,,,,,,,,,,,,,,,,,,,,,,,,,,,,,,,,,,,,,,,,,,,,,,,,,,,,
exp06_groups,Feature-group ablation,2026-09-30T09:11:42Z,drop_bill,17,0.778116464142399,0.007638967511377093,0.5527022929008492,0.01597896866951559,0.13727476179599762,0.008093186466308732,25,,,,,,8,,,,,,,,,,,leave-one-out: bill removed,[17 items],,,,,,,,,,,,,,,,,,,,,,,,,,,,,,,,,,,,,,,,,,,,,,,,,,,,,,,,,,,,,,,,,,,,,,,,
exp06_groups,Feature-group ablation,2026-09-30T09:11:42Z,drop_pay_amt,17,0.7824110483407236,0.008606270064061118,0.5550794857072712,0.01851093870630639,0.1389860498905182,0.011161580235173354,25,,,,,,8,,,,,,,,,,,leave-one-out: pay_amt removed,[17 items],,,,,,,,,,,,,,,,,,,,,,,,,,,,,,,,,,,,,,,,,,,,,,,,,,,,,,,,,,,,,,,,,,,,,,,,
exp06_groups,Feature-group ablation,2026-09-30T09:11:42Z,only_demographic,4,0.5646189869289271,0.00856012799357042,0.25808243372751516,0.008132379601895594,0.17183096051216126,0.000362075510119643,25,,,,,,8,,,,,,,,,,,only-one: demographic alone,"[""SEX"", ""EDUCATION"", ""MARRIAGE"", ""AGE""]",,,,,,,,,,,,,,,,,,,,,,,,,,,,,,,,,,,,,,,,,,,,,,,,,,,,,,,,,,,,,,,,,,,,,,,,
exp06_groups,Feature-group ablation,2026-09-30T09:11:42Z,only_limit,1,0.6174982449788553,0.009536984743909018,0.2966109602097919,0.007797272693466822,0.16943110585212706,0.0018714906849987682,25,,,,,,8,,,,,,,,,,,only-one: limit alone,"[""LIMIT_BAL""]",,,,,,,,,,,,,,,,,,,,,,,,,,,,,,,,,,,,,,,,,,,,,,,,,,,,,,,,,,,,,,,,,,,,,,,,
exp06_groups,Feature-group ablation,2026-09-30T09:11:42Z,only_pay_status,6,0.7491513599623394,0.007999023072839239,0.5235610206903292,0.01544266701523299,0.14845086753368378,0.008626889707643871,25,,,,,,8,,,,,,,,,,,only-one: pay_status alone,"[""PAY_0"", ""PAY_2"", ""PAY_3"", ""PAY_4"", ""PAY_5"", ""PAY_6""]",,,,,,,,,,,,,,,,,,,,,,,,,,,,,,,,,,,,,,,,,,,,,,,,,,,,,,,,,,,,,,,,,,,,,,,,
exp06_groups,Feature-group ablation,2026-09-30T09:11:42Z,only_bill,6,0.6330996297918702,0.011239946299720664,0.3337808955934177,0.014392593044559455,0.16567862927913665,0.0019851278165698167,25,,,,,,8,,,,,,,,,,,only-one: bill alone,"[""BILL_AMT1"", ""BILL_AMT2"", ""BILL_AMT3"", ""BILL_AMT4"", ""BILL_AMT5"", ""BILL_AMT6""]",,,,,,,,,,,,,,,,,,,,,,,,,,,,,,,,,,,,,,,,,,,,,,,,,,,,,,,,,,,,,,,,,,,,,,,,
exp06_groups,Feature-group ablation,2026-09-30T09:11:42Z,only_pay_amt,6,0.6863319394028893,0.006549764582738014,0.37621188058091304,0.008455713344592117,0.15971921980381013,0.0019317946286205826,25,,,,,,8,,,,,,,,,,,only-one: pay_amt alone,"[""PAY_AMT1"", ""PAY_AMT2"", ""PAY_AMT3"", ""PAY_AMT4"", ""PAY_AMT5"", ""PAY_AMT6""]",,,,,,,,,,,,,,,,,,,,,,,,,,,,,,,,,,,,,,,,,,,,,,,,,,,,,,,,,,,,,,,,,,,,,,,,
exp07_recency,Recency ablation: months of history required,2026-09-30T09:15:40Z,k1_months,8,0.7669355320921634,0.008415478292968931,0.5330794957395286,0.0164305501242867,0.14454954266548156,0.01189752653605405,25,,,,,,8,,,,,,,,,,,,"[""LIMIT_BAL"", ""SEX"", ""EDUCATION"", ""MARRIAGE"", ""AGE"", ""PAY_0"", ""BILL_AMT1"", ""PAY_AMT1""]",,1,"[""PAY_0""]",,,,,,,,,,,,,,,,,,,,,,,,,,,,,,,,,,,,,,,,,,,,,,,,,,,,,,,,,,,,,,,,,,,,,
exp07_recency,Recency ablation: months of history required,2026-09-30T09:15:40Z,k2_months,11,0.774255269808706,0.008330601173319765,0.5427655225940332,0.016859531286796327,0.14012202858924866,0.010954497305150333,25,,,,,,8,,,,,,,,,,,,[11 items],,2,"[""PAY_2"", ""PAY_0""]",,,,,,,,,,,,,,,,,,,,,,,,,,,,,,,,,,,,,,,,,,,,,,,,,,,,,,,,,,,,,,,,,,,,,
exp07_recency,Recency ablation: months of history required,2026-09-30T09:15:40Z,k3_months,14,0.7786464504173877,0.0076881169438048095,0.5474399492821093,0.014958361565609273,0.1439746832847595,0.013393699907837791,25,,,,,,8,,,,,,,,,,,,[14 items],,3,"[""PAY_3"", ""PAY_2"", ""PAY_0""]",,,,,,,,,,,,,,,,,,,,,,,,,,,,,,,,,,,,,,,,,,,,,,,,,,,,,,,,,,,,,,,,,,,,,
exp07_recency,Recency ablation: months of history required,2026-09-30T09:15:40Z,k4_months,17,0.7827661031749242,0.008095952902335118,0.5558133885272664,0.01864470375685615,0.13775595247745515,0.008620886964907632,25,,,,,,8,,,,,,,,,,,,[17 items],,4,"[""PAY_4"", ""PAY_3"", ""PAY_2"", ""PAY_0""]",,,,,,,,,,,,,,,,,,,,,,,,,,,,,,,,,,,,,,,,,,,,,,,,,,,,,,,,,,,,,,,,,,,,,
exp07_recency,Recency ablation: months of history required,2026-09-30T09:15:40Z,k5_months,20,0.7841561362156159,0.007682449413279462,0.5589016610718062,0.013913741993377231,0.13558413922786713,0.006393544403237369,25,,,,,,8,,,,,,,,,,,,[20 items],,5,"[""PAY_5"", ""PAY_4"", ""PAY_3"", ""PAY_2"", ""PAY_0""]",,,,,,,,,,,,,,,,,,,,,,,,,,,,,,,,,,,,,,,,,,,,,,,,,,,,,,,,,,,,,,,,,,,,,
exp07_recency,Recency ablation: months of history required,2026-09-30T09:15:40Z,k6_months,23,0.7833401555806822,0.0068885237910197615,0.557021589055488,0.012639513858747483,0.13840949058532714,0.009050880956217658,25,,,,,,8,,,,,,,,,,,,[23 items],,6,"[""PAY_6"", ""PAY_5"", ""PAY_4"", ""PAY_3"", ""PAY_2"", ""PAY_0""]",,,,,,,,,,,,,,,,,,,,,,,,,,,,,,,,,,,,,,,,,,,,,,,,,,,,,,,,,,,,,,,,,,,,,
exp08_learning_curve,Learning curve against training-set size,2026-09-30T09:17:44Z,frac_0.10,23,0.7633122921013786,0.008545665052988304,,,,,25,,,,,,8,,,,,,,,,,,,,,,,0.1,1916.0,0.8042731675856138,0.021202136005183028,0.040960875484235215,,,,,,,,,,,,,,,,,,,,,,,,,,,,,,,,,,,,,,,,,,,,,,,,,,,,,,,,,,,,,,,,
exp08_learning_curve,Learning curve against training-set size,2026-09-30T09:17:44Z,frac_0.25,23,0.7735986781841393,0.005996570079669973,,,,,25,,,,,,8,,,,,,,,,,,,,,,,0.25,4791.0,0.8065637060085662,0.01694124285539022,0.032965027824426896,,,,,,,,,,,,,,,,,,,,,,,,,,,,,,,,,,,,,,,,,,,,,,,,,,,,,,,,,,,,,,,,
exp08_learning_curve,Learning curve against training-set size,2026-09-30T09:17:44Z,frac_0.50,23,0.7784111433944859,0.007000056146849962,,,,,25,,,,,,8,,,,,,,,,,,,,,,,0.5,9582.0,0.8132779005817738,0.021368775817881006,0.03486675718728793,,,,,,,,,,,,,,,,,,,,,,,,,,,,,,,,,,,,,,,,,,,,,,,,,,,,,,,,,,,,,,,,
exp08_learning_curve,Learning curve against training-set size,2026-09-30T09:17:44Z,frac_0.75,23,0.7824250676125224,0.004891675782540522,,,,,25,,,,,,8,,,,,,,,,,,,,,,,0.75,14373.0,0.8178128312555382,0.015869821702683782,0.03538776364301577,,,,,,,,,,,,,,,,,,,,,,,,,,,,,,,,,,,,,,,,,,,,,,,,,,,,,,,,,,,,,,,,
exp08_learning_curve,Learning curve against training-set size,2026-09-30T09:17:44Z,frac_1.00,23,0.7835230991584552,0.005947356707170543,,,,,25,,,,,,8,,,,,,,,,,,,,,,,1.0,19164.0,0.8156891169704095,0.012533897407846224,0.03216601781195427,,,,,,,,,,,,,,,,,,,,,,,,,,,,,,,,,,,,,,,,,,,,,,,,,,,,,,,,,,,,,,,,
exp09_calibration,"Calibration: Brier, ECE and reliability curves",2026-09-30T09:47:53Z,A_spw1_raw,23,0.7776135657777639,,0.549446167577618,,0.13557774020391639,,5,,,,,,8,,,,,,,,1.0,,,,,,,,,,,,,A_spw1,raw,0.021212911211923022,0.21888679427630692,,,,,,,,,,,,,,,,,,,,,,,,,,,,,,,,,,,,,,,,,,,,,,,,,,,,,,,,,,,,
exp09_calibration,"Calibration: Brier, ECE and reliability curves",2026-09-30T09:47:53Z,A_spw1_sigmoid,23,0.7811734095918829,,0.5536130423481669,,0.134851338490445,,5,,,,,,8,,,,,,,,1.0,,,,,,,,,,,,,A_spw1,sigmoid,0.019144037232211655,0.2217208954969771,,,,,,,,,,,,,,,,,,,,,,,,,,,,,,,,,,,,,,,,,,,,,,,,,,,,,,,,,,,,
exp09_calibration,"Calibration: Brier, ECE and reliability curves",2026-09-30T09:47:53Z,A_spw1_isotonic,23,0.778345293802346,,0.5458198303098507,,0.1349410821600686,,5,,,,,,8,,,,,,,,1.0,,,,,,,,,,,,,A_spw1,isotonic,0.01022711789296803,0.22177756560461057,,,,,,,,,,,,,,,,,,,,,,,,,,,,,,,,,,,,,,,,,,,,,,,,,,,,,,,,,,,,
exp09_calibration,"Calibration: Brier, ECE and reliability curves",2026-09-30T09:47:53Z,C_spw_raw,23,0.7795848230173719,,0.5491939028804577,,0.18120674749708016,,5,,,,,,8,,,,,,,,3.5215175537938843,,,,,,,,,,,,,C_spw,raw,0.20877566042672466,0.4299403442088161,,,,,,,,,,,,,,,,,,,,,,,,,,,,,,,,,,,,,,,,,,,,,,,,,,,,,,,,,,,,
exp09_calibration,"Calibration: Brier, ECE and reliability curves",2026-09-30T09:47:53Z,C_spw_sigmoid,23,0.7815396403407662,,0.547463705017211,,0.13459811566978644,,5,,,,,,8,,,,,,,,3.5215175537938843,,,,,,,,,,,,,C_spw,sigmoid,0.011512662936744869,0.2217778841242311,,,,,,,,,,,,,,,,,,,,,,,,,,,,,,,,,,,,,,,,,,,,,,,,,,,,,,,,,,,,
exp09_calibration,"Calibration: Brier, ECE and reliability curves",2026-09-30T09:47:53Z,C_spw_isotonic,23,0.7794178541698701,,0.5449918620353928,,0.13478341976276056,,5,,,,,,8,,,,,,,,3.5215175537938843,,,,,,,,,,,,,C_spw,isotonic,0.008018180109244405,0.2216988510462222,,,,,,,,,,,,,,,,,,,,,,,,,,,,,,,,,,,,,,,,,,,,,,,,,,,,,,,,,,,,
exp10_cost,Cost-sensitive threshold selection with Elkan overlay,2026-09-30T09:47:56Z,r1_flat,23,,,,,,,,,,,,,0,,,,,,,,,,,"raw probabilities, unit cost per error",,,,,,,,,,,,,,1,flat,0.5359928,0.5,0.03599280000000005,4286.0,4306.0,4306.0,20.0,0.33503208758021896,0.6993695823483057,1775,763,3523,17894,,,,,,,,,,,,,,,,,,,,,,,,,,,,,,,,,,,,,,,,,,,,,
exp10_cost,Cost-sensitive threshold selection with Elkan overlay,2026-09-30T09:47:56Z,r1_flat_isotonic,23,,,,,,,,,,,,,0,,,,,,,,,,,"isotonic-calibrated probabilities, unit cost per error",,,,,,,,,,,,,,1,flat_isotonic,0.48000400000000004,0.5,-0.019995999999999958,4294.0,4298.0,4298.0,4.0,0.36202340505851266,0.6772598870056498,1918,914,3380,17743,,,,,,,,,,,,,,,,,,,,,,,,,,,,,,,,,,,,,,,,,,,,,
exp10_cost,Cost-sensitive threshold selection with Elkan overlay,2026-09-30T09:47:56Z,r1_instance,23,,,,,,,,,,,,,0,,,,,,,,,,,"raw probabilities, per-client cost using LIMIT_BAL as an EAD proxy",,,,,,,,,,,,,,1,instance,0.1620676,0.5,-0.3379324,259487440.0,360312320.0,360312320.0,100824880.0,0.7540581351453378,0.37917615793470005,3995,6541,1303,12116,,,,,,,,,,,,,,,,,,,,,,,,,,,,,,,,,,,,,,,,,,,,,
exp10_cost,Cost-sensitive threshold selection with Elkan overlay,2026-09-30T09:47:56Z,r2_flat,23,,,,,,,,,,,,,0,,,,,,,,,,,"raw probabilities, unit cost per error",,,,,,,,,,,,,,2,flat,0.31803640000000005,0.3333333333333333,-0.015296933333333262,7189.0,7240.0,7711.0,522.0,0.5288788221970555,0.5605121024204841,2802,2197,2496,16460,,,,,,,,,,,,,,,,,,,,,,,,,,,,,,,,,,,,,,,,,,,,,
exp10_cost,Cost-sensitive threshold selection with Elkan overlay,2026-09-30T09:47:56Z,r2_flat_isotonic,23,,,,,,,,,,,,,0,,,,,,,,,,,"isotonic-calibrated probabilities, unit cost per error",,,,,,,,,,,,,,2,flat_isotonic,0.3380324,0.3333333333333333,0.004699066666666696,7259.0,7265.0,7742.0,483.0,0.5281238203095507,0.5532924658888669,2798,2259,2500,16398,,,,,,,,,,,,,,,,,,,,,,,,,,,,,,,,,,,,,,,,,,,,,
exp10_cost,Cost-sensitive threshold selection with Elkan overlay,2026-09-30T09:47:56Z,r2_instance,23,,,,,,,,,,,,,0,,,,,,,,,,,"raw probabilities, per-client cost using LIMIT_BAL as an EAD proxy",,,,,,,,,,,,,,2,instance,0.1620676,0.3333333333333333,-0.1712657333333333,259487440.0,311780920.0,360312320.0,100824880.0,0.7540581351453378,0.37917615793470005,3995,6541,1303,12116,,,,,,,,,,,,,,,,,,,,,,,,,,,,,,,,,,,,,,,,,,,,,
exp10_cost,Cost-sensitive threshold selection with Elkan overlay,2026-09-30T09:47:56Z,r5_flat,23,,,,,,,,,,,,,0,,,,,,,,,,,"raw probabilities, unit cost per error",,,,,,,,,,,,,,5,flat,0.1780644,0.16666666666666666,0.011397733333333354,12978.0,13077.0,17926.0,4948.0,0.7191392978482446,0.40757381258023107,3810,5538,1488,13119,,,,,,,,,,,,,,,,,,,,,,,,,,,,,,,,,,,,,,,,,,,,,
exp10_cost,Cost-sensitive threshold selection with Elkan overlay,2026-09-30T09:47:56Z,r5_flat_isotonic,23,,,,,,,,,,,,,0,,,,,,,,,,,"isotonic-calibrated probabilities, unit cost per error",,,,,,,,,,,,,,5,flat_isotonic,0.1720656,0.16666666666666666,0.005398933333333356,13287.0,13477.0,18074.0,4787.0,0.7063042657606644,0.4045842793815548,3742,5507,1556,13150,,,,,,,,,,,,,,,,,,,,,,,,,,,,,,,,,,,,,,,,,,,,,
exp10_cost,Cost-sensitive threshold selection with Elkan overlay,2026-09-30T09:47:56Z,r5_instance,23,,,,,,,,,,,,,0,,,,,,,,,,,"raw probabilities, per-client cost using LIMIT_BAL as an EAD proxy",,,,,,,,,,,,,,5,instance,0.1620676,0.16666666666666666,-0.004599066666666651,259487440.0,260851240.0,360312320.0,100824880.0,0.7540581351453378,0.37917615793470005,3995,6541,1303,12116,,,,,,,,,,,,,,,,,,,,,,,,,,,,,,,,,,,,,,,,,,,,,
exp10_cost,Cost-sensitive threshold selection with Elkan overlay,2026-09-30T09:47:56Z,r6_flat,23,,,,,,,,,,,,,0,,,,,,,,,,,"raw probabilities, unit cost per error",,,,,,,,,,,,,,6,flat,0.1340732,0.14285714285714285,-0.008783942857142846,14239.0,14286.0,21331.0,7092.0,0.828803322008305,0.33295420078859567,4391,8797,907,9860,,,,,,,,,,,,,,,,,,,,,,,,,,,,,,,,,,,,,,,,,,,,,
exp10_cost,Cost-sensitive threshold selection with Elkan overlay,2026-09-30T09:47:56Z,r6_flat_isotonic,23,,,,,,,,,,,,,0,,,,,,,,,,,"isotonic-calibrated probabilities, unit cost per error",,,,,,,,,,,,,,6,flat_isotonic,0.140072,0.14285714285714285,-0.002785142857142847,14479.0,14484.0,21518.0,7039.0,0.8380520951302378,0.32241667271803065,4440,9331,858,9326,,,,,,,,,,,,,,,,,,,,,,,,,,,,,,,,,,,,,,,,,,,,,
exp10_cost,Cost-sensitive threshold selection with Elkan overlay,2026-09-30T09:47:56Z,r6_instance,23,,,,,,,,,,,,,0,,,,,,,,,,,"raw probabilities, per-client cost using LIMIT_BAL as an EAD proxy",,,,,,,,,,,,,,6,instance,0.1620676,0.14285714285714285,0.019210457142857157,259487440.0,261945640.0,360312320.0,100824880.0,0.7540581351453378,0.37917615793470005,3995,6541,1303,12116,,,,,,,,,,,,,,,,,,,,,,,,,,,,,,,,,,,,,,,,,,,,,
exp10_cost,Cost-sensitive threshold selection with Elkan overlay,2026-09-30T09:47:56Z,r10_flat,23,,,,,,,,,,,,,0,,,,,,,,,,,"raw probabilities, unit cost per error",,,,,,,,,,,,,,10,flat,0.08408320000000001,0.09090909090909091,-0.006825890909090901,16575.0,16661.0,34951.0,18376.0,0.9471498678746697,0.2670143138402597,5018,13775,280,4882,,,,,,,,,,,,,,,,,,,,,,,,,,,,,,,,,,,,,,,,,,,,,
exp10_cost,Cost-sensitive threshold selection with Elkan overlay,2026-09-30T09:47:56Z,r10_flat_isotonic,23,,,,,,,,,,,,,0,,,,,,,,,,,"isotonic-calibrated probabilities, unit cost per error",,,,,,,,,,,,,,10,flat_isotonic,0.09208160000000001,0.09090909090909091,0.0011725090909091018,16933.0,16963.0,35294.0,18361.0,0.9520573801434503,0.25950506765447345,5044,14393,254,4264,,,,,,,,,,,,,,,,,,,,,,,,,,,,,,,,,,,,,,,,,,,,,
exp10_cost,Cost-sensitive threshold selection with Elkan overlay,2026-09-30T09:47:56Z,r10_instance,23,,,,,,,,,,,,,0,,,,,,,,,,,"raw probabilities, per-client cost using LIMIT_BAL as an EAD proxy",,,,,,,,,,,,,,10,instance,0.1620676,0.09090909090909091,0.0711585090909091,259487440.0,287376840.0,360312320.0,100824880.0,0.7540581351453378,0.37917615793470005,3995,6541,1303,12116,,,,,,,,,,,,,,,,,,,,,,,,,,,,,,,,,,,,,,,,,,,,,
exp10_cost,Cost-sensitive threshold selection with Elkan overlay,2026-09-30T09:47:56Z,r20_flat,23,,,,,,,,,,,,,0,,,,,,,,,,,"raw probabilities, unit cost per error",,,,,,,,,,,,,,20,flat,0.05408920000000001,0.047619047619047616,0.0064701523809523945,18058.0,18195.0,69001.0,50943.0,0.9899962249905625,0.23580452277120892,5245,16998,53,1659,,,,,,,,,,,,,,,,,,,,,,,,,,,,,,,,,,,,,,,,,,,,,
exp10_cost,Cost-sensitive threshold selection with Elkan overlay,2026-09-30T09:47:56Z,r20_flat_isotonic,23,,,,,,,,,,,,,0,,,,,,,,,,,"isotonic-calibrated probabilities, unit cost per error",,,,,,,,,,,,,,20,flat_isotonic,0.034093200000000004,0.047619047619047616,-0.013525847619047612,18226.0,18475.0,69734.0,51508.0,0.9943374858437146,0.2301039573687429,5268,17626,30,1031,,,,,,,,,,,,,,,,,,,,,,,,,,,,,,,,,,,,,,,,,,,,,
exp10_cost,Cost-sensitive threshold selection with Elkan overlay,2026-09-30T09:47:56Z,r20_instance,23,,,,,,,,,,,,,0,,,,,,,,,,,"raw probabilities, per-client cost using LIMIT_BAL as an EAD proxy",,,,,,,,,,,,,,20,instance,0.1620676,0.047619047619047616,0.11444855238095239,259487440.0,363985640.0,360312320.0,100824880.0,0.7540581351453378,0.37917615793470005,3995,6541,1303,12116,,,,,,,,,,,,,,,,,,,,,,,,,,,,,,,,,,,,,,,,,,,,,
exp11_shap,TreeSHAP attribution on held-out decisions,2026-09-30T09:35:29Z,PAY_0,1,,,,,,,,,,,,,0,,,,,,,,,,,,,,,,,,,,,,,,,,,,,,,,,,,,,,,,1,0.3779710336617385,-0.006051216414936323,0.49195894598960876,0.22290713507955748,pay_status,,,,,,,,,,,,,,,,,,,,,,,,,,,,,,,,,,,,,,,
exp11_shap,TreeSHAP attribution on held-out decisions,2026-09-30T09:35:29Z,LIMIT_BAL,1,,,,,,,,,,,,,0,,,,,,,,,,,,,,,,,,,,,,,,,,,,,,,,,,,,,,,,2,0.2077997144806081,-0.028682572789284613,0.1779763251543045,0.12254917678870614,other,,,,,,,,,,,,,,,,,,,,,,,,,,,,,,,,,,,,,,,
exp11_shap,TreeSHAP attribution on held-out decisions,2026-09-30T09:35:29Z,BILL_AMT1,1,,,,,,,,,,,,,0,,,,,,,,,,,,,,,,,,,,,,,,,,,,,,,,,,,,,,,,3,0.12539911041941607,0.015438277222927423,0.11332837492227554,0.07395370003441272,bill,,,,,,,,,,,,,,,,,,,,,,,,,,,,,,,,,,,,,,,
exp11_shap,TreeSHAP attribution on held-out decisions,2026-09-30T09:35:29Z,PAY_AMT2,1,,,,,,,,,,,,,0,,,,,,,,,,,,,,,,,,,,,,,,,,,,,,,,,,,,,,,,4,0.10872892462728119,0.013579173439821192,0.10293357074260712,0.0641225145063327,other,,,,,,,,,,,,,,,,,,,,,,,,,,,,,,,,,,,,,,,
exp11_shap,TreeSHAP attribution on held-out decisions,2026-09-30T09:35:29Z,PAY_AMT1,1,,,,,,,,,,,,,0,,,,,,,,,,,,,,,,,,,,,,,,,,,,,,,,,,,,,,,,5,0.09662209237081018,-0.013990737288406534,0.09398168325424194,0.05698255124768283,other,,,,,,,,,,,,,,,,,,,,,,,,,,,,,,,,,,,,,,,
exp11_shap,TreeSHAP attribution on held-out decisions,2026-09-30T09:35:29Z,PAY_2,1,,,,,,,,,,,,,0,,,,,,,,,,,,,,,,,,,,,,,,,,,,,,,,,,,,,,,,6,0.09068559150099634,0.010454925590739132,0.10719075053930283,0.053481519995452614,pay_status,,,,,,,,,,,,,,,,,,,,,,,,,,,,,,,,,,,,,,,
exp11_shap,TreeSHAP attribution on held-out decisions,2026-09-30T09:35:29Z,PAY_3,1,,,,,,,,,,,,,0,,,,,,,,,,,,,,,,,,,,,,,,,,,,,,,,,,,,,,,,7,0.08372056255699004,0.005930052683336279,0.08298162370920181,0.04937391780008416,pay_status,,,,,,,,,,,,,,,,,,,,,,,,,,,,,,,,,,,,,,,
exp11_shap,TreeSHAP attribution on held-out decisions,2026-09-30T09:35:29Z,PAY_AMT3,1,,,,,,,,,,,,,0,,,,,,,,,,,,,,,,,,,,,,,,,,,,,,,,,,,,,,,,8,0.08159097771718336,-0.018108430915255425,0.07327811419963837,0.048118002364048416,other,,,,,,,,,,,,,,,,,,,,,,,,,,,,,,,,,,,,,,,
exp11_shap,TreeSHAP attribution on held-out decisions,2026-09-30T09:35:29Z,PAY_4,1,,,,,,,,,,,,,0,,,,,,,,,,,,,,,,,,,,,,,,,,,,,,,,,,,,,,,,9,0.06093995386014178,-0.001853221837069607,0.061187904328107834,0.03593913108961003,pay_status,,,,,,,,,,,,,,,,,,,,,,,,,,,,,,,,,,,,,,,
exp11_shap,TreeSHAP attribution on held-out decisions,2026-09-30T09:35:29Z,PAY_AMT6,1,,,,,,,,,,,,,0,,,,,,,,,,,,,,,,,,,,,,,,,,,,,,,,,,,,,,,,10,0.05237911236387954,0.001388736558628554,0.05560207739472389,0.03089040385431136,other,,,,,,,,,,,,,,,,,,,,,,,,,,,,,,,,,,,,,,,
exp11_shap,TreeSHAP attribution on held-out decisions,2026-09-30T09:35:29Z,BILL_AMT2,1,,,,,,,,,,,,,0,,,,,,,,,,,,,,,,,,,,,,,,,,,,,,,,,,,,,,,,11,0.04800129629425256,0.010386202203769433,0.045167505741119385,0.028308601676160526,bill,,,,,,,,,,,,,,,,,,,,,,,,,,,,,,,,,,,,,,,
exp11_shap,TreeSHAP attribution on held-out decisions,2026-09-30T09:35:29Z,MARRIAGE,1,,,,,,,,,,,,,0,,,,,,,,,,,,,,,,,,,,,,,,,,,,,,,,,,,,,,,,12,0.043140148772713494,0.005319805264994525,0.0406656339764595,0.02544175641363412,other,,,,,,,,,,,,,,,,,,,,,,,,,,,,,,,,,,,,,,,
exp11_shap,TreeSHAP attribution on held-out decisions,2026-09-30T09:35:29Z,PAY_AMT4,1,,,,,,,,,,,,,0,,,,,,,,,,,,,,,,,,,,,,,,,,,,,,,,,,,,,,,,13,0.038729074565796745,-0.006839239425416876,0.03532137721776962,0.02284034036182338,other,,,,,,,,,,,,,,,,,,,,,,,,,,,,,,,,,,,,,,,
exp11_shap,TreeSHAP attribution on held-out decisions,2026-09-30T09:35:29Z,PAY_5,1,,,,,,,,,,,,,0,,,,,,,,,,,,,,,,,,,,,,,,,,,,,,,,,,,,,,,,14,0.03461631272421702,0.010983393229738443,0.048328205943107605,0.020414853015638248,pay_status,,,,,,,,,,,,,,,,,,,,,,,,,,,,,,,,,,,,,,,
exp11_shap,TreeSHAP attribution on held-out decisions,2026-09-30T09:35:29Z,BILL_AMT6,1,,,,,,,,,,,,,0,,,,,,,,,,,,,,,,,,,,,,,,,,,,,,,,,,,,,,,,15,0.03460519301747497,0.006105681203619407,0.03098948858678341,0.020408295206303544,bill,,,,,,,,,,,,,,,,,,,,,,,,,,,,,,,,,,,,,,,
exp11_shap,TreeSHAP attribution on held-out decisions,2026-09-30T09:35:29Z,PAY_6,1,,,,,,,,,,,,,0,,,,,,,,,,,,,,,,,,,,,,,,,,,,,,,,,,,,,,,,16,0.03395185054217506,0.008920596471788859,0.0463147833943367,0.02002298869753752,pay_status,,,,,,,,,,,,,,,,,,,,,,,,,,,,,,,,,,,,,,,
exp11_shap,TreeSHAP attribution on held-out decisions,2026-09-30T09:35:29Z,SEX,1,,,,,,,,,,,,,0,,,,,,,,,,,,,,,,,,,,,,,,,,,,,,,,,,,,,,,,17,0.03291932071209371,0.0036432068710821994,0.034770380705595016,0.01941405773243718,other,,,,,,,,,,,,,,,,,,,,,,,,,,,,,,,,,,,,,,,
exp11_shap,TreeSHAP attribution on held-out decisions,2026-09-30T09:35:29Z,AGE,1,,,,,,,,,,,,,0,,,,,,,,,,,,,,,,,,,,,,,,,,,,,,,,,,,,,,,,18,0.03278035716523591,-0.0010267989265597681,0.03350694477558136,0.01933210445202181,other,,,,,,,,,,,,,,,,,,,,,,,,,,,,,,,,,,,,,,,
exp11_shap,TreeSHAP attribution on held-out decisions,2026-09-30T09:35:29Z,PAY_AMT5,1,,,,,,,,,,,,,0,,,,,,,,,,,,,,,,,,,,,,,,,,,,,,,,,,,,,,,,19,0.028926580918094986,-0.005658422278820881,0.028806839138269424,0.017059352981715712,other,,,,,,,,,,,,,,,,,,,,,,,,,,,,,,,,,,,,,,,
exp11_shap,TreeSHAP attribution on held-out decisions,2026-09-30T09:35:29Z,BILL_AMT3,1,,,,,,,,,,,,,0,,,,,,,,,,,,,,,,,,,,,,,,,,,,,,,,,,,,,,,,20,0.02812171378094858,0.004628405906475278,0.023720286786556244,0.016584685317575204,bill,,,,,,,,,,,,,,,,,,,,,,,,,,,,,,,,,,,,,,,
exp11_shap,TreeSHAP attribution on held-out decisions,2026-09-30T09:35:29Z,BILL_AMT5,1,,,,,,,,,,,,,0,,,,,,,,,,,,,,,,,,,,,,,,,,,,,,,,,,,,,,,,21,0.023243751786133842,-0.003667534339838606,0.02000631019473076,0.013707923776466704,bill,,,,,,,,,,,,,,,,,,,,,,,,,,,,,,,,,,,,,,,
exp11_shap,TreeSHAP attribution on held-out decisions,2026-09-30T09:35:29Z,BILL_AMT4,1,,,,,,,,,,,,,0,,,,,,,,,,,,,,,,,,,,,,,,,,,,,,,,,,,,,,,,22,0.02008502735525596,0.0020842833368638356,0.016638966277241707,0.01184507675728765,bill,,,,,,,,,,,,,,,,,,,,,,,,,,,,,,,,,,,,,,,
exp11_shap,TreeSHAP attribution on held-out decisions,2026-09-30T09:35:29Z,EDUCATION,1,,,,,,,,,,,,,0,,,,,,,,,,,,,,,,,,,,,,,,,,,,,,,,,,,,,,,,23,0.010685794143028062,-0.0022436864334929507,0.015984542667865753,0.006301910851200292,other,,,,,,,,,,,,,,,,,,,,,,,,,,,,,,,,,,,,,,,
exp12_stability,Explanation stability under reseeding and importance-measure agreement,2026-09-30T09:36:47Z,PAY_0,1,,,,,,,,,,,,,0,,,,,,,,,,,,,,,,,,,,,,,,,,,,,,,,,,,,,,,,,0.3396628785661538,,,,,1,0.0,91.77303314208984,850.1505126953125,698.0,64057.578125,0.07924534877642174,1,1,1,12,1,1,,,,,,,,,,,,,,,,,,,,,,,,,,
exp12_stability,Explanation stability under reseeding and importance-measure agreement,2026-09-30T09:36:47Z,LIMIT_BAL,1,,,,,,,,,,,,,0,,,,,,,,,,,,,,,,,,,,,,,,,,,,,,,,,,,,,,,,,0.20180956197914843,,,,,2,0.0,5.2661638259887695,319.9261169433594,1279.0,6735.423828125,0.020434017390900207,2,8,12,2,3,2,,,,,,,,,,,,,,,,,,,,,,,,,,
exp12_stability,Explanation stability under reseeding and importance-measure agreement,2026-09-30T09:36:47Z,BILL_AMT1,1,,,,,,,,,,,,,0,,,,,,,,,,,,,,,,,,,,,,,,,,,,,,,,,,,,,,,,,0.1266470016029876,,,,,3,0.4472135954999579,4.522785186767578,291.1601867675781,1376.0,6223.3525390625,0.01186751781783112,3,10,13,1,4,3,,,,,,,,,,,,,,,,,,,,,,,,,,
exp12_stability,Explanation stability under reseeding and importance-measure agreement,2026-09-30T09:36:47Z,PAY_2,1,,,,,,,,,,,,,0,,,,,,,,,,,,,,,,,,,,,,,,,,,,,,,,,,,,,,,,,0.10446551990069468,,,,,4,1.0954451150103321,36.638458251953125,471.3924255371094,345.0,12640.267578125,0.0032859159265562375,4,2,7,18,2,11,,,,,,,,,,,,,,,,,,,,,,,,,,
exp12_stability,Explanation stability under reseeding and importance-measure agreement,2026-09-30T09:36:47Z,PAY_AMT2,1,,,,,,,,,,,,,0,,,,,,,,,,,,,,,,,,,,,,,,,,,,,,,,,,,,,,,,,0.09927572416684118,,,,,5,0.5477225575051662,5.5387959480285645,335.13623046875,1103.0,6109.2919921875,-0.0003066932312572157,5,7,9,3,5,22,,,,,,,,,,,,,,,,,,,,,,,,,,
exp12_stability,Explanation stability under reseeding and importance-measure agreement,2026-09-30T09:36:47Z,PAY_3,1,,,,,,,,,,,,,0,,,,,,,,,,,,,,,,,,,,,,,,,,,,,,,,,,,,,,,,,0.09858801216623926,,,,,6,1.0,15.880979537963867,504.0628662109375,369.0,5860.08154296875,0.0037924244448445444,6,3,6,17,6,9,,,,,,,,,,,,,,,,,,,,,,,,,,
exp12_stability,Explanation stability under reseeding and importance-measure agreement,2026-09-30T09:36:47Z,PAY_AMT1,1,,,,,,,,,,,,,0,,,,,,,,,,,,,,,,,,,,,,,,,,,,,,,,,,,,,,,,,0.0961131881685612,,,,,7,1.4142135623730951,4.988114833831787,320.9443054199219,994.0,4958.18603515625,0.0010728454510074315,7,9,11,6,7,16,,,,,,,,,,,,,,,,,,,,,,,,,,
exp12_stability,Explanation stability under reseeding and importance-measure agreement,2026-09-30T09:36:47Z,PAY_4,1,,,,,,,,,,,,,0,,,,,,,,,,,,,,,,,,,,,,,,,,,,,,,,,,,,,,,,,0.06845275567194242,,,,,8,0.5477225575051662,12.313288688659668,509.1407165527344,317.0,3903.3125,0.006748993662834868,8,4,5,19,9,5,,,,,,,,,,,,,,,,,,,,,,,,,,
exp12_stability,Explanation stability under reseeding and importance-measure agreement,2026-09-30T09:36:47Z,PAY_AMT3,1,,,,,,,,,,,,,0,,,,,,,,,,,,,,,,,,,,,,,,,,,,,,,,,,,,,,,,,0.06401764097932096,,,,,9,0.5477225575051662,4.232266426086426,279.5712890625,948.0,4012.1884765625,0.003824952514826363,9,11,15,8,8,8,,,,,,,,,,,,,,,,,,,,,,,,,,
exp12_stability,Explanation stability under reseeding and importance-measure agreement,2026-09-30T09:36:47Z,PAY_6,1,,,,,,,,,,,,,0,,,,,,,,,,,,,,,,,,,,,,,,,,,,,,,,,,,,,,,,,0.052220338363628035,,,,,10,1.3038404810405297,6.453023910522461,532.520751953125,307.0,1981.078369140625,0.004012569775614372,10,6,3,20,19,6,,,,,,,,,,,,,,,,,,,,,,,,,,
exp12_stability,Explanation stability under reseeding and importance-measure agreement,2026-09-30T09:36:47Z,PAY_5,1,,,,,,,,,,,,,0,,,,,,,,,,,,,,,,,,,,,,,,,,,,,,,,,,,,,,,,,0.050157267056056776,,,,,11,0.8366600265340756,9.675244331359863,538.9080810546875,250.0,2418.81103515625,0.0035833154235328625,11,5,2,21,16,10,,,,,,,,,,,,,,,,,,,,,,,,,,
exp12_stability,Explanation stability under reseeding and importance-measure agreement,2026-09-30T09:36:47Z,BILL_AMT2,1,,,,,,,,,,,,,0,,,,,,,,,,,,,,,,,,,,,,,,,,,,,,,,,,,,,,,,,0.05009627288362071,,,,,12,1.8708286933869707,3.918684720993042,289.7950744628906,924.0,3620.86474609375,0.007877020661132939,12,13,14,9,11,4,,,,,,,,,,,,,,,,,,,,,,,,,,
exp12_stability,Explanation stability under reseeding and importance-measure agreement,2026-09-30T09:36:47Z,PAY_AMT6,1,,,,,,,,,,,,,0,,,,,,,,,,,,,,,,,,,,,,,,,,,,,,,,,,,,,,,,,0.0498499095588607,,,,,13,2.7748873851023212,3.6740760803222656,224.00001525878906,1013.0,3721.839111328125,-0.0004153137506607729,13,15,17,5,10,23,,,,,,,,,,,,,,,,,,,,,,,,,,
exp12_stability,Explanation stability under reseeding and importance-measure agreement,2026-09-30T09:36:47Z,MARRIAGE,1,,,,,,,,,,,,,0,,,,,,,,,,,,,,,,,,,,,,,,,,,,,,,,,,,,,,,,,0.04137888435017707,,,,,14,2.280350850198276,4.156158924102783,511.7831115722656,188.0,781.35791015625,0.0019214795624973747,14,12,4,22,22,14,,,,,,,,,,,,,,,,,,,,,,,,,,
exp12_stability,Explanation stability under reseeding and importance-measure agreement,2026-09-30T09:36:47Z,PAY_AMT4,1,,,,,,,,,,,,,0,,,,,,,,,,,,,,,,,,,,,,,,,,,,,,,,,,,,,,,,,0.03875163395008161,,,,,15,1.4142135623730951,3.5421407222747803,214.0092315673828,845.0,2993.10888671875,-0.00026254799342474434,15,16,18,10,12,21,,,,,,,,,,,,,,,,,,,,,,,,,,
exp12_stability,Explanation stability under reseeding and importance-measure agreement,2026-09-30T09:36:47Z,BILL_AMT6,1,,,,,,,,,,,,,0,,,,,,,,,,,,,,,,,,,,,,,,,,,,,,,,,,,,,,,,,0.03526891876927264,,,,,16,2.6076809620810595,3.0297679901123047,199.45306396484375,820.0,2484.40966796875,0.0038888469380049086,16,19,19,11,15,7,,,,,,,,,,,,,,,,,,,,,,,,,,
exp12_stability,Explanation stability under reseeding and importance-measure agreement,2026-09-30T09:36:47Z,SEX,1,,,,,,,,,,,,,0,,,,,,,,,,,,,,,,,,,,,,,,,,,,,,,,,,,,,,,,,0.0323689709296783,,,,,17,1.224744871391589,3.6888415813446045,410.4808654785156,167.0,616.0365600585938,0.0024936250791418703,17,14,8,23,23,12,,,,,,,,,,,,,,,,,,,,,,,,,,
exp12_stability,Explanation stability under reseeding and importance-measure agreement,2026-09-30T09:36:47Z,AGE,1,,,,,,,,,,,,,0,,,,,,,,,,,,,,,,,,,,,,,,,,,,,,,,,,,,,,,,,0.029720947209091565,,,,,18,0.8366600265340756,2.6466312408447266,187.30502319335938,1100.0,2911.29443359375,0.002284516057830188,18,23,21,4,13,13,,,,,,,,,,,,,,,,,,,,,,,,,,
exp12_stability,Explanation stability under reseeding and importance-measure agreement,2026-09-30T09:36:47Z,BILL_AMT3,1,,,,,,,,,,,,,0,,,,,,,,,,,,,,,,,,,,,,,,,,,,,,,,,,,,,,,,,0.02800673436705911,,,,,19,3.847076812334269,3.4120736122131348,246.78033447265625,670.0,2286.08935546875,0.0015584430671645832,19,17,16,14,17,15,,,,,,,,,,,,,,,,,,,,,,,,,,
exp12_stability,Explanation stability under reseeding and importance-measure agreement,2026-09-30T09:36:47Z,PAY_AMT5,1,,,,,,,,,,,,,0,,,,,,,,,,,,,,,,,,,,,,,,,,,,,,,,,,,,,,,,,0.027260328251496102,,,,,20,3.420526275297414,2.7901089191436768,182.3087921142578,949.0,2647.8134765625,0.0006023501530561526,20,22,22,7,14,18,,,,,,,,,,,,,,,,,,,,,,,,,,
exp12_stability,Explanation stability under reseeding and importance-measure agreement,2026-09-30T09:36:47Z,BILL_AMT5,1,,,,,,,,,,,,,0,,,,,,,,,,,,,,,,,,,,,,,,,,,,,,,,,,,,,,,,,0.020629297134178666,,,,,21,0.8944271909999159,3.1343705654144287,182.18069458007812,673.0,2109.431396484375,0.0006581125587392766,21,18,23,13,18,17,,,,,,,,,,,,,,,,,,,,,,,,,,
exp12_stability,Explanation stability under reseeding and importance-measure agreement,2026-09-30T09:36:47Z,BILL_AMT4,1,,,,,,,,,,,,,0,,,,,,,,,,,,,,,,,,,,,,,,,,,,,,,,,,,,,,,,,0.018407341492403174,,,,,22,0.7071067811865476,2.880462408065796,194.15884399414062,668.0,1924.14892578125,0.000528581137204509,22,21,20,15,20,19,,,,,,,,,,,,,,,,,,,,,,,,,,
exp12_stability,Explanation stability under reseeding and importance-measure agreement,2026-09-30T09:36:47Z,EDUCATION,1,,,,,,,,,,,,,0,,,,,,,,,,,,,,,,,,,,,,,,,,,,,,,,,,,,,,,,,0.013416153428161291,,,,,23,0.5477225575051661,2.901280164718628,329.99853515625,404.0,1172.1171875,0.00033747872606132434,23,20,10,16,21,20,,,,,,,,,,,,,,,,,,,,,,,,,,
exp13_fairness,Fairness and subgroup analysis,2026-09-30T09:48:06Z,full_SEX,23,,,,,,,,full,,,,,0,,,,,,,,,,,,,,,,,,,,,,,,,,,,,,,,,,,,,,,,,,,,,,,,,,,,,,,,,,,SEX,0.1340732,2,0.0470587467750927,0.08329578187584624,0.8553733355398964,0.003003522682672455,3.439,,,,,,,,,,,,,,,,,,
exp13_fairness,Fairness and subgroup analysis,2026-09-30T09:48:06Z,full_EDUCATION,23,,,,,,,,full,,,,,0,,,,,,,,,,,,,,,,,,,,,,,,,,,,,,,,,,,,,,,,,,,,,,,,,,,,,,,,,,,EDUCATION,0.1340732,4,0.45047641001997846,0.21666760887180359,0.5352492294611542,0.19742749976859686,17.7338,,,,,,,,,,,,,,,,,,
exp13_fairness,Fairness and subgroup analysis,2026-09-30T09:48:06Z,full_MARRIAGE,23,,,,,,,,full,,,,,0,,,,,,,,,,,,,,,,,,,,,,,,,,,,,,,,,,,,,,,,,,,,,,,,,,,,,,,,,,,MARRIAGE,0.1340732,3,0.023520126282557174,0.12189618961896193,0.8413874102169602,0.07365528853235304,2.276600000000002,,,,,,,,,,,,,,,,,,
exp13_fairness,Fairness and subgroup analysis,2026-09-30T09:48:06Z,full_AGE_BAND,23,,,,,,,,full,,,,,0,,,,,,,,,,,,,,,,,,,,,,,,,,,,,,,,,,,,,,,,,,,,,,,,,,,,,,,,,,,AGE_BAND,0.1340732,4,0.057960512334064296,0.15109524617085146,0.7730008012820512,0.02296244159994565,5.268799999999999,,,,,,,,,,,,,,,,,,
exp13_fairness,Fairness and subgroup analysis,2026-09-30T09:48:06Z,no_demographics_SEX,19,,,,,,,,no_demographics,,,,,0,,,,,,,,,,,,,,,,,,,,,,,,,,,,,,,,,,,,,,,,,,,,,,,,,,,,,,,,,,,SEX,0.1340732,2,0.02374909115423962,0.043151039265199254,0.914325583113944,0.005263951386715204,3.439,,,,,,,,,,,,,,,,,,
exp13_fairness,Fairness and subgroup analysis,2026-09-30T09:48:06Z,no_demographics_EDUCATION,19,,,,,,,,no_demographics,,,,,0,,,,,,,,,,,,,,,,,,,,,,,,,,,,,,,,,,,,,,,,,,,,,,,,,,,,,,,,,,,EDUCATION,0.1340732,4,0.23551559858613802,0.12403611459276626,0.7207515661123908,0.17219283845476485,17.7338,,,,,,,,,,,,,,,,,,
exp13_fairness,Fairness and subgroup analysis,2026-09-30T09:48:06Z,no_demographics_MARRIAGE,19,,,,,,,,no_demographics,,,,,0,,,,,,,,,,,,,,,,,,,,,,,,,,,,,,,,,,,,,,,,,,,,,,,,,,,,,,,,,,,MARRIAGE,0.1340732,3,0.02241515390686666,0.1582124737301292,0.8135575777272235,0.0770788396166101,2.276600000000002,,,,,,,,,,,,,,,,,,
exp13_fairness,Fairness and subgroup analysis,2026-09-30T09:48:06Z,no_demographics_AGE_BAND,19,,,,,,,,no_demographics,,,,,0,,,,,,,,,,,,,,,,,,,,,,,,,,,,,,,,,,,,,,,,,,,,,,,,,,,,,,,,,,,AGE_BAND,0.1340732,4,0.06085073911176386,0.09402039178711141,0.8378921378776142,0.02169753721860812,5.268799999999999,,,,,,,,,,,,,,,,,,
exp14_final,Robustness checks and final held-out evaluation,2026-09-30T09:52:59Z,rung1_pay0_baseline,1,,,,,,,,,,,,,0,,,,,,,,,,,depth-1 tree on PAY_0 alone; the DeLong comparator,,,,,,,,,,,,,,,,,,,,,,,,,,,,,,,,,,,,,,,,,,,,,,,,,,,,,,,,0.6429919403671358,0.37628598537268954,0.14606775871826277,0.0001,1.0,0.22107196526966105,0.36209489949405166,1324,4665,0,0,4665.0,OOF training predictions at r=6,0.0001,0.0001,99783600.0,5540.0,0.6408990505579121
exp14_final,Robustness checks and final held-out evaluation,2026-09-30T09:52:59Z,rung5_xgb_default,23,,,,,,,,,,,,,0,,,,,,,,,,,"XGBoost at library defaults, isolating the tuning gain on the hold-out",,,,,,,,,,,,,,,,,,,,,,,,,,,,,,,,,,,,,,,,,,,,,,,,,,,,,,,,0.7606837087911198,0.5270044057949723,0.140777287703908,0.08808240000000002,0.8557401812688822,0.2962866108786611,0.4401709401709401,1133,2691,191,1974,3837.0,OOF training predictions at r=6,0.08808240000000002,0.1440712,69252400.0,5395.0,0.7585331612736761
exp14_final,Robustness checks and final held-out evaluation,2026-09-30T09:52:59Z,xgb_tuned,23,,,,,,,,,,,,,8,,,,,,,,,,,the headline configuration,,,,,,,,,,,,,,,,,,,,,,,,,,,,,,,,,,,,,,,,,,,,,,,,,,,,,,,,0.7829306755002056,0.5638222238810187,0.13344787618449633,0.1340732,0.8444108761329305,0.32613768961493583,0.4705387205387205,1118,2310,206,2355,3546.0,OOF training predictions at r=6,0.1340732,0.1620676,67085600.0,5336.0,0.7850416156498128
exp14_final,Robustness checks and final held-out evaluation,2026-09-30T09:52:59Z,xgb_tuned_no_pay0,22,,,,,,,,,,,,,8,,,,,,,,,,,robustness to the PAY_0 construction irregularity,,,,,,,,,,,,,,,,,,,,,,,,,,,,,,,,,,,,,,,,,,,,,,,,,,,,,,,,0.7518529222240573,0.5057465594832462,0.1425174623667439,0.1380724,0.8436555891238671,0.30328536519142,0.4461753545036948,1117,2566,207,2099,3808.0,OOF training predictions at r=6,0.1380724,0.1380724,71061800.0,5839.0,0.7563450185425057
exp14_final,Robustness checks and final held-out evaluation,2026-09-30T09:52:59Z,xgb_tuned_no_demographics,19,,,,,,,,,,,,,8,,,,,,,,,,,"the fairness-through-unawareness arm of WP17, read on the hold-out",,,,,,,,,,,,,,,,,,,,,,,,,,,,,,,,,,,,,,,,,,,,,,,,,,,,,,,,0.7806496763518261,0.5614143245654926,0.13394864509535281,0.1340732,0.8413897280966768,0.32215153267784846,0.465913843580092,1114,2344,210,2321,3604.0,OOF training predictions at r=6,0.1340732,0.1680664,67935200.0,5315.0,0.7837334991043432
exp14_final,Robustness checks and final held-out evaluation,2026-09-30T09:52:59Z,xgb_tuned_spw,23,,,,,,,,,,,,,8,,,,,,,,,,,"reweighted arm C, for the calibration-versus-ranking contrast",,,,,,,,,,,,,,,,,,,,,,,,,,,,,,,,,,,,,,,,,,,,,,,,,,,,,,,,0.7828774896947444,0.5622398435839081,0.17974065504314204,0.3580284,0.8345921450151057,0.334747046349591,0.47783783783783784,1105,2196,219,2469,3510.0,OOF training predictions at r=6,0.3580284,0.37602480000000005,65886400.0,3934.0,0.7847795633853667
exp14_final,Robustness checks and final held-out evaluation,2026-09-30T09:52:59Z,xgb_tuned_isotonic,23,,,,,,,,,,,,,8,,,,,,,,,,,tuned model with isotonic calibration fitted on a held-out 15% slice of train,,,,,,,,,,,,,,,,,,,,,,,,,,,,,,,,,,,,,,,,,,,,,,,,,,,,,,,,0.7809539768734841,0.546907457324036,0.13441271683193295,0.140072,0.7258308157099698,0.38455382152861145,0.5027465341354956,961,1538,363,3127,3716.0,OOF isotonic predictions at r=6,0.140072,,,5559.0,
